제목,작가,링크,줄거리,썸네일,연령등급
괴력 난신,매드버드 / 김태형 / 한중월야,https://comic.naver.com/webtoon/list?titleId=821597&tab=tue,"살인에서 삶의 즐거움을 느끼는 '겸살귀', 정(正).
대 연목검장의 셋째공자 목경운과 똑같이 생긴 얼굴을 가졌는데...
""나의 대역이 되어라. 그러면 옥에서 나갈 수 있게 해 주마.""
""그 기회. 제게 주시겠습니까?""

'촤악-!!!'

셋째공자를 죽여버린다. 그리고 본인이 '진짜'가 되어 살아가고자 한다.
가짜 목경운은 진짜 목경운으로서 살아남을 수 있을까?
연쇄살인마, 대 연목검장의 셋째공자로서 새로운 삶을 시작한다.",https://image-comic.pstatic.net/webtoon/821597/thumbnail/thumbnail_IMAG21_07118c59-2490-4cc9-b144-11c10f138b30.jpg,15세 이용가
김부장,"박만사, 남자의 이야기 / 정종택",https://comic.naver.com/webtoon/list?titleId=783053&tab=tue,"“제발 안경 쓴 아저씨는 건들지 말자…”
오직 자신의 딸 '민지'를 위해 특수요원직을 관두고 평범함을 선택한 가장 김부장.
그러던 어느 날 민지가 소리소문 없이 사라지고, 김부장은 자신을 감시하는 국가를 적으로 돌리면서까지 딸을 찾아나서기 시작하는데...
[외모지상주의], [싸움독학] 그리고 [인생존망]의 세계관을 잇는 공식 스핀오프 작품!",https://image-comic.pstatic.net/webtoon/783053/thumbnail/thumbnail_IMAG21_d7732f14-26da-4e35-8762-660cc87b53f1.jpg,15세 이용가
우렉 마지노,SIU,https://comic.naver.com/webtoon/list?titleId=838432&tab=tue,"<신의 탑> 최초의 외전. 펜타미넘을 쫓아 탑에 들어온 '우렉 마지노' 
그의 선별인원 시절 이야기.",https://image-comic.pstatic.net/webtoon/838432/thumbnail/thumbnail_IMAG21_eac3a41f-1bd2-420e-be3f-a4926e69dde9.jpg,12세 이용가
절대회귀,JP / 박진환 / 장영훈,https://comic.naver.com/webtoon/list?titleId=828715&tab=tue,"""나를 과거로 보내주시오.""
이 시대에서 그를 죽일 수 없다면, 과거로 돌아가면 되리라. 시간을 거스를 수 있는 '회귀대법(回歸大法)'으로 그토록 원하던 과거로 회귀한 한 남자. 가족도, 친구도, 삶도, 모두 잃었던 '검무극(劍無極)'의 복수를 위한 첫걸음이 시작된다.",https://image-comic.pstatic.net/webtoon/828715/thumbnail/thumbnail_IMAG21_8957548a-2eb2-4ddf-a50e-dbc7fddc16a7.jpg,15세 이용가
서울 자가에 대기업 다니는 김 부장 이야기,명랑 / 김병관 / 송희구,https://comic.naver.com/webtoon/list?titleId=819929&tab=tue,"집에서는 과묵하지만 누구보다 아내와 자식을 생각하고, 
회사에서는 책임감 있는 팀의 리더로 인정받으며 살아가지만 
세상은 그를 꼰대라고 부른다.
스스로의 행복보다는 남의 시선이 더 중요한 사람. 
그래서 나의 이야기보단 남의 자식, 남이 타는 차, 남이 살고 있는 
집의 이야기에 민감하고 집착하는 김 부장. 
서울 자가에 대기업을 다니는 김 부장은 행복해 질 수 있을까?",https://image-comic.pstatic.net/webtoon/819929/thumbnail/thumbnail_IMAG21_f1ca00e5-9b30-44d3-a1ee-7a04d539002a.jpg,15세 이용가
신입사원 김철수,스튜디오MW / 오정,https://comic.naver.com/webtoon/list?titleId=812594&tab=tue,"평생을 바친 회사로부터 버림받은 그날,
입사 첫 날의 그 순간으로 돌아와 버렸다?
국내 굴지의 대기업 한영통산에 입사한 무스펙 신입사원 김철수.
과연 이번 생에는 그토록 염원하던 '사장'의 자리에 오를 수 있을까?
현대판 입지전적 자수성가 스토리!",https://image-comic.pstatic.net/webtoon/812594/thumbnail/thumbnail_IMAG21_d524ca40-2d86-4946-b13f-53d42cbd1cba.jpg,15세 이용가
이섭의 연애,248 / 김언희,https://comic.naver.com/webtoon/list?titleId=813454&tab=tue,"10년 연속 업무달성률 1위! 최단기 최연소 승진 코스를 밟고 있는 최우수 사원!
1등만 해 온 나에게 첫 2등의 경험을 안겨준 입사동기, 강민경.
내 자존심을 짓밟은 그녀가 나, 태이섭 전무의 비서가 됐다.
그 뛰어난 업무처리 능력으로 나까지 처리해 버리려고?
업무 그만 하시고 여기 좀 봐주시죠, 강민경씨!
아무것도 하기 싫은 태이섭과 어떻게든 해내야 하는 강민경의 대환장 오피스 로맨스!",https://image-comic.pstatic.net/webtoon/813454/thumbnail/thumbnail_IMAG21_b65fca82-52ce-4c07-8499-6163d24c5721.jpg,15세 이용가
마음의소리(였던 것),조석,https://comic.naver.com/webtoon/list?titleId=821793&tab=tue,"""그리다 만화가 남아서 조금 더 넣었습니다""
마음의소리가 될 뻔한(?) 더 짧고, 더 날것의 에피소드들 대방출 (어?  이게 되네..?)",https://image-comic.pstatic.net/webtoon/821793/thumbnail/thumbnail_IMAG21_c5c798a7-dadf-487b-9bea-485928755332.jpg,전체연령가
중증외상센터 : 외과의사 백강혁,홍비치라 / 한산이가,https://comic.naver.com/webtoon/list?titleId=835736&tab=tue,"초감각을 지닌 남자, 백강혁.
아버지를 잃은 후로 사상 최고의 외상 외과 의사를 목표로 사정 없이 달리기 시작한다.
그런데 이제 광기를 곁들인……
187cm의 모델 같은 외모로 병원을 휩쓸고 다니는 그는 외상 외과 의사가 되기 위해 온 몸으로 환자들을 마주하기 시작한다.",https://image-comic.pstatic.net/webtoon/835736/thumbnail/thumbnail_IMAG21_91f8c0be-dcab-47f2-a198-afeb0746e06e.jpg,전체연령가
레벨999 고블린,다피 / 곰곰,https://comic.naver.com/webtoon/list?titleId=838991&tab=tue,현실에서도 노가다! 게임에서도 노가다로 생계를 유지하는 주인공 김철수. 드디어 히든 클래스에 전직할 기회를 얻으면서 인생 한방!을 노리는데…! 히든 클래스는 고작 고블린 소환사…?,https://image-comic.pstatic.net/webtoon/838991/thumbnail/thumbnail_IMAG21_3e120b7a-ee69-4dbb-9c4d-a6ef4f151524.jpg,15세 이용가
마음의소리2,조석,https://comic.naver.com/webtoon/list?titleId=814543&tab=tue,"'마음의소리' 완결 후 3년, 조석 작가의 결코 소소하지 않은 일상(?) 대공개! 
제목은... '너는 그냥 개그만화나 그려라'
(였는데 다들 '마음의소리2'라 불러서 제목 바꿈)",https://image-comic.pstatic.net/webtoon/814543/thumbnail/thumbnail_IMAG21_df84a681-b7ef-4dda-8cef-25b219d35e3e.jpg,전체연령가
축살,장성준,https://comic.naver.com/webtoon/list?titleId=840184&tab=tue,성인,성인,성인
사신소년,류,https://comic.naver.com/webtoon/list?titleId=730656&tab=tue,"수명을 대가로 죽은 자의 능력을 빌리는 소년! 
화려한 액션에서 부터 스포츠, 두뇌 플레이까지 한계는 없다!",https://image-comic.pstatic.net/webtoon/730656/thumbnail/thumbnail_IMAG21_fc6d8dbf-eed2-43d0-af45-2edb3cc4244e.jpg,15세 이용가
44교시 생존수업,상C,https://comic.naver.com/webtoon/list?titleId=836848&tab=tue,"갑자기 세상에 ‘검은 원’이라 불리는 구멍들이 생겨나기 시작했다.
검은 원은 미스테리 그 자체. 생긴 원인도, 내부에 뭐가 있는 지도 밝힐 수 없었다. 그저 지금까지 검은 원에 빠진 후 돌아온 사람이 단 한 명도 없다는 걸 빼고. 
어느 날 주인공 도윤의 학교에도 검은 원이 생겨났다. 검은 원은 점점 커져 학교를 집어삼켰고 도윤을 포함한 대부분의 학생들이 검은 원 속에 빠지고 만다.
과연 아이들은 출구를 찾아 검은 원에서 탈출할 수 있을까?",https://image-comic.pstatic.net/webtoon/836848/thumbnail/thumbnail_IMAG21_91382c72-745a-4df6-9a76-97fecf014390.jpg,15세 이용가
멸망 이후의 세계,언데드딸기 / 언데드감자 / 싱숑,https://comic.naver.com/webtoon/list?titleId=789979&tab=tue,"<전지적 독자 시점> 싱숑 작가 원작.

이것은 모두가 과거로 돌아갈 때 마지막까지 회귀하지 않았던 한 사나이의 이야기다.",https://image-comic.pstatic.net/webtoon/789979/thumbnail/thumbnail_IMAG21_07d44ecc-faf1-4b21-bbaa-63ff65bd4d67.jpg,15세 이용가
회귀한 용병은 다 계획이 있다,골드행 / 박진석,https://comic.naver.com/webtoon/list?titleId=832557&tab=tue,"몰락한 페르디움 가문의 복수를 위해 대전쟁을 일으킨

대륙 7강 용병왕 지셀 페르디움.


 

모든 복수가 순조롭게 마무리되던 와중,

예상치 못한 인물 아이던이 등장해 지셀의 계획을 무마시키고

그의 목을 벤다.


 

그렇게 지셀은 죽을 줄 알았지만,

눈을 떠보니 가문이 몰락하기 전의 어린 지셀로 회귀해 있었다.


 

다시는 뼈아픈 과오를 반복하지 않기 위해

전생에 가지고 있던 지식과 힘으로 잘못 어긋난

조각들을 하나씩 다시 맞추기 시작한다.",https://image-comic.pstatic.net/webtoon/832557/thumbnail/thumbnail_IMAG21_9f170e53-708c-41cb-a011-9f37e994deb5.jpg,15세 이용가
시한부인 줄 알았어요!,혜용 / 에시 / 최아리,https://comic.naver.com/webtoon/list?titleId=801711&tab=tue,"3개월 시한부 진단을 받은 블랑셰 공작가의 공녀, 라리에트.
어차피 죽을 몸, 버킷리스트(라 쓰고 미친 짓이라 읽는) 달성을 해보기로 했다.
첫째. 사랑하지도 않는 나이 많은 약혼자 엿 먹이기.
둘째. 괴물 공작 아스라한과 3개월 간 연애하기! 
그러나 그에게서 도망치고 나서야 깨닫고 말았다. 시한부 진단이 완벽한 오진이라는 사실을!",https://image-comic.pstatic.net/webtoon/801711/thumbnail/thumbnail_IMAG21_2a097d0a-8844-4fb6-93d9-fc04fb3197db.jpg,15세 이용가
천마는 평범하게 살 수 없다,철범 / 모구 / 산천,https://comic.naver.com/webtoon/list?titleId=774358&tab=tue,"천마 백중혁, 드미트리 가문의 장남으로 눈을 뜨다. 
드미트리의 얼간이, 차남에게 밀린 장남. 
세간의 평판은 중요하지 않다. 
천마, 아니, 로만 드미트리는 앞으로 평범하게 살 수 없다. 
압도하는 천마 판타지!",https://image-comic.pstatic.net/webtoon/774358/thumbnail/thumbnail_IMAG21_ddaf1152-d535-4d0d-b7b5-b46c0d3cd01c.jpg,15세 이용가
못 잡아먹어서 안달,팀 보도뵈 / 퀀퀀 / 플아다,https://comic.naver.com/webtoon/list?titleId=817247&tab=tue,"출중한 능력. 어딜 내놓아도 꿀리지 않을 외모. 번듯한 집안.
잘 닦인 길만을 걸으며 살았다. 지루할 정도로 모든 게 완벽했다. 
그랬던 서른 살 어느 날… 김태준은 충동적으로 길을 벗어난다. 
부모님의 목숨을 앗아간 운전 기사의 딸, '한소은'을 만나기 위해서.
'대체 무슨 낯짝으로 이 회사에 기어들어 온 거지?'
뻔뻔한 낯짝이 가증스러웠다. 그래서 곁에 두고 괴롭히기로 했다. 
마치 못 잡아먹어서 안달이 난 사람처럼….
""저 이사님 좋아하는 것 같아요.""
어, 이게 아닌데?",https://image-comic.pstatic.net/webtoon/817247/thumbnail/thumbnail_IMAG21_61bd3fbe-b16f-494a-b374-e7a68e5ca607.jpg,15세 이용가
한림체육관,혜성 / 이석재,https://comic.naver.com/webtoon/list?titleId=743139&tab=tue,"'세상에서 가장 강한 남자가 되고 싶다.'
그릇된 강함을 실천하던 전영하가 한림체육관에 들어와 진정한 강함을 깨닫고 무도인으로 거듭나는 학원 액션물",https://image-comic.pstatic.net/webtoon/743139/thumbnail/thumbnail_IMAG21_0a0e585b-979a-4f1d-9cec-97d0abf5ef3d.jpg,15세 이용가
아카데미 플레이어를 죽였다,기린그린 / 사람살려.,https://comic.naver.com/webtoon/list?titleId=818434&tab=tue,"플레이어를 죽였다.
죽일 만한 놈이었다. 아주 X새끼였거든.",https://image-comic.pstatic.net/webtoon/818434/thumbnail/thumbnail_IMAG21_2ff1f20b-78a0-426a-9b27-277e55e00cc2.jpg,15세 이용가
성검전설,최다킬,https://comic.naver.com/webtoon/list?titleId=814356&tab=tue,"마왕을 쓰러뜨릴 단 하나의 무구.
성검.
을 잃어버린 용사...
성검을 되찾을 때까지 용사는 찾고 또 찾는다.
10년, 20년, 30년... 용의 둥지부터 정령왕의 은신처까지
용사는 오늘도 성검을 찾는다.
성검을 잃어버린 용사는
쥰내 쪽팔리니까.",https://image-comic.pstatic.net/webtoon/814356/thumbnail/thumbnail_IMAG21_6dbfab75-a168-40d6-8347-93e752c3b2ed.jpg,15세 이용가
백씨세가 시한부 공자,삽살 / 드래권 / 비도,https://comic.naver.com/webtoon/list?titleId=814535&tab=tue,"중원 칠대세가의 일원인, 백씨세가의 소공자 백이강.
내공을 모으지 못하고 수명이 짧은 절맥증, 즉 태음절맥(太陰絶脈)의 천형을 타고나 스물을 넘기지 못할 운명이었다.
남은 생이라도 평온하게 보내기 위해 장원에서 지내고 있던 어느 날, 
이강은 검은 복면단에게 습격을 당하게 되고 그 과정에서 누이와도 같던 시비 소화를 잃게 된다. 
복면단의 추격을 피해 지하의 비밀 통로로 도망친 이강. 
막다른 길에 다다르자 죽어도 싸우다 죽겠다는 마음으로 비동 바닥에 꽂혀 있던 녹슨 검을 뽑아 드는데…

「자손은 대종사에게 언동을 공손히 하라.」
“…뭐?”

200년 전, 백씨세가를 전성기로 이끌었던 천하제일인 불사신검 백성천.
그의 귀신이 눈앞에 나타났다.",https://image-comic.pstatic.net/webtoon/814535/thumbnail/thumbnail_IMAG21_20e7481e-0e5c-45a7-be98-961ba78779e3.jpg,15세 이용가
하북팽가 막내아들,스튜디오 시그마 / 기원 / 무향,https://comic.naver.com/webtoon/list?titleId=783877&tab=tue,"하북팽가 최고의 전력, 도왕 팽지혁. 마교의 습격으로 멸문지화에 빠진 가문을 구하러 낙호곡으로 향하지만 모든 것은 함정이었고, 죽음의 순간 자신이 사랑했던 가문에게 버림받았다는 사실에 분노한다.
'다시... 내게 한 번만 더 기회가 주어진다면...!'
죽은 줄 알았던 팽지혁은 방구석 둔재, 하북팽가 사공자의 몸에서 눈을 뜬다.",https://image-comic.pstatic.net/webtoon/783877/thumbnail/thumbnail_IMAG21_0649e854-9113-4a06-a9fe-7cad72be8c9a.jpg,15세 이용가
내 남편의 정부에게,에리카 / 댄싱브레인 / 라치크,https://comic.naver.com/webtoon/list?titleId=817366&tab=tue,"나, 레티시아 비올렛은 남편에게 헌신했지만, 모든 것을 잃었다.
그대로 목숨까지 잃을 뻔하던 찰나, 한 남자가 나타난다.
그 남자는 완벽한 복수를 이루도록 도와준다는데...
""제 복수를 이루어 주겠다는 말... 꼭 지켜 주세요.""
날 죽음까지 몰아넣은 그들에게, 내가 받았던 모든 걸 되돌려주리라.",https://image-comic.pstatic.net/webtoon/817366/thumbnail/thumbnail_IMAG21_358d6676-51bf-4a54-b4ff-b55edf907efe.jpg,15세 이용가
귀혼,야옹이,https://comic.naver.com/webtoon/list?titleId=833705&tab=tue,"“어떻게든 이 가문에서 벗어나겠어.”
명문 퇴귀사 가문의 외톨이 천령.
퇴귀 능력 없이 태어나 가문 사람들에게 무시 당하며 살아왔다. 

그런 천령에게도 한 가지 능력이 있으니, 바로 영안을 지닌 것이다. 
천령의 눈에만 보이는 신령한 존재들.
천령은 그들을 이용해서라도 가문에서 벗어나려는데…

“인간도 아닌 놈들한테 가슴이 두근거린다고?!”  
신령한 존재들과의 기묘한 로맨스가 펼쳐진다.",https://image-comic.pstatic.net/webtoon/833705/thumbnail/thumbnail_IMAG21_ecc40772-cbdc-48af-9a49-71d85fc8c8fb.jpg,전체연령가
신과함께 돌아온 기사왕님,지대공마법소년 / 전천후마검사 / 사람살려.,https://comic.naver.com/webtoon/list?titleId=809618&tab=tue,"이세계에서 300년동안 악마사냥을 하다 지구로 귀환했다.
하지만 나 혼자 오진 않았다.",https://image-comic.pstatic.net/webtoon/809618/thumbnail/thumbnail_IMAG21_d3c27ef7-aa89-44d3-8be2-5b102b8aa817.jpg,전체연령가
체탐자,"병장, 박만사 / 겸자",https://comic.naver.com/webtoon/list?titleId=814834&tab=tue,"‘세종의 비밀병기, 그림자부대 체탐자.’
어린 시절부터 전쟁터를 헤매며 귀신의 그림자라 불리는 귀영.
복수를 다짐하며 이 나라 최초의 특수부대 체탐자의 일원이 되기로 한다.",https://image-comic.pstatic.net/webtoon/814834/thumbnail/thumbnail_IMAG21_97e297d4-e9b6-47c4-946c-cd22cb3c0270.jpg,15세 이용가
아포칼립스에 물류센터를 숨김,왕재덕 / 성구 / 구채,https://comic.naver.com/webtoon/list?titleId=829743&tab=tue,"세상은 망했어도 물류센터는 돌아간다.
내 아공간 속에서.",https://image-comic.pstatic.net/webtoon/829743/thumbnail/thumbnail_IMAG21_e4a16b52-a895-4f7d-8a0f-07e2528c5ff1.jpg,15세 이용가
사람의 탈,우주돌,https://comic.naver.com/webtoon/list?titleId=822198&tab=tue,"탈은 예술, 춤은 무술!
천대받는 탈춤광대 ‘봉산’은 스승이 남긴 지도를 따라
왕이 되려는 괴물 호랑이 ‘사풍흑호’를 막기 위해
전설 속의 '사람의 탈'을 찾아 모험을 떠나게 되는데 …",https://image-comic.pstatic.net/webtoon/822198/thumbnail/thumbnail_IMAG21_b7084207-8ff7-4f3d-8229-6c14eba9b657.jpg,15세 이용가
사변괴담,강태진,https://comic.naver.com/webtoon/list?titleId=804783&tab=tue,"전쟁 발발 후. 영남의 가족은 남쪽에 있는 숙부의 집으로 피난을 간다.
숙부의 집에는 처음 보는 음산한 분위기의 여자가 자신을 새로운 숙모라고 소개한다.
온몸에 붕대를 감은 채 몸 져 누워있는 숙부도 이상하다.
한밤중 홀로 피의 의식을 치르는 숙모. 정체를 알 수 없는 할머니 귀신. 어디론가 사라진 아버지와 어머니. 혼란과 공포 가운데 놓인 영남과 어린 동생 영순은 이 집을 무사히 빠져나갈 수 있을까?",https://image-comic.pstatic.net/webtoon/804783/thumbnail/thumbnail_IMAG21_a80f7760-3c93-4002-84d4-eece85593f84.jpg,15세 이용가
긁지 않은 복권,보로리,https://comic.naver.com/webtoon/list?titleId=828908&tab=tue,"얼굴은 존예지만 뚱뚱한 은지는 긁지 않은 복권의 정석이라고 불린다.
남들보다 많은 양을 먹는 점을 이용해 먹방 유튜버가 되었지만,
뚱뚱한 체형 때문에 조롱 당하기 일쑤다.
저조한 조회수, 늘지 않는 구독자에 희망을 잃어가는 은지.
그러던 어느 날 우연히 주운 s복권을 긁은 뒤 하루아침에 인생이 달라지기 시작한다.",https://image-comic.pstatic.net/webtoon/828908/thumbnail/thumbnail_IMAG21_43122e79-2459-4b2f-87ab-7a01cba1cbec.jpg,12세 이용가
염라강림,바른꽃,https://comic.naver.com/webtoon/list?titleId=818192&tab=tue,"지옥이 망했다.
피가 흘러야 할 황천에는 맑은 물이 흐르고 망자들을 끓이던 솥은 차갑게 식은지 오래다. 


은퇴한 염라대왕은 자신의 행복을 위해 윤회의 길을 택하고자 하지만,
혼란스러워진 지옥과 사라진 자신의 후임 털보로 인해 윤회의 길을 걸을 수 없게 된다.

인간 세상의 신이 되기 위하여 인간계와 지옥을 혼돈에 빠트린 채 사라진 털보를
쫓아 염라는 인간계에 강림하지만, 인간계는 털보의 수작으로 인해 지옥에서 도망친 망자들이 세상을 혼란케 하고 있었다. 

염라는 지옥명부의 힘을 빌려 인간을 지키는 ‘장의사’들과 힘을 합쳐 털보를 잡아
세상을 원래대로 돌려놓기 위해 고군분투한다.

과연 염라는 무사히 윤회의 길을 걸을 수 있을까?",https://image-comic.pstatic.net/webtoon/818192/thumbnail/thumbnail_IMAG21_070352b1-774b-4a15-80fa-7b5819fa4169.jpg,15세 이용가
원주민 공포만화,원주민,https://comic.naver.com/webtoon/list?titleId=698918&tab=tue,"끝날 때까지 끝난 것이 아니다!
마지막까지 방심할 수 없는 다양한 에피소드.
당신의 상상을 뛰어넘는 본격 반전 공포 스릴러가 온다!",https://image-comic.pstatic.net/webtoon/698918/thumbnail/thumbnail_IMAG21_3689346629442483042.jpg,15세 이용가
백작가의 비밀스런 시녀님,MIDNIGHT STUDIO / 백주아,https://comic.naver.com/webtoon/list?titleId=830106&tab=tue,"가난한 집에서 태어난, 끔찍하게 못생긴 계집아이 '폴라'.
우연한 계기로 명망 높은 벨루니타 백작가의 사용인으로 고용된다.

그런데, 모셔야 할 주인님 '빈센트 벨루니타'는

시력을 잃은 후 공포에 떨며 방에 틀어박혀 있기만 한데….

 

그가 다시 세상으로 나올 수 있을 때까지,

폴라는 오직 혼자서 그를 시중 들어야 한다.

아주 비밀스럽게.",https://image-comic.pstatic.net/webtoon/830106/thumbnail/thumbnail_IMAG21_c2616743-6c0a-47d9-af22-bc8dfe5c7b5b.jpg,전체연령가
좀비떼로,오태호 / 햇님,https://comic.naver.com/webtoon/list?titleId=840597&tab=tue,"전 주짓수 세계 챔피언 구성환.
눈을 떠보니 세상은 멸망해 있었다.
비록 몸이 감염되었어도 내 딸만큼은 찾아야 한다...!",https://image-comic.pstatic.net/webtoon/840597/thumbnail/thumbnail_IMAG21_d3dc7785-3db0-4cab-973c-398be58212cb.jpg,15세 이용가
개집사,고추참치,https://comic.naver.com/webtoon/list?titleId=828292&tab=tue,"출근도 퇴근도 없는 똑같은 일상의 작가…눈치채지 못한 사이 작가의 삶에 다이나믹한 소재를 주는 두 존재가 있었는데…! 
작지만 자존감 만큼은 하늘 같은 말티즈, 덩칫값못하는 진도 믹스 아가씨들을 모시는 집사&작가의 삶",https://image-comic.pstatic.net/webtoon/828292/thumbnail/thumbnail_IMAG21_ae547aa9-f722-490b-a722-fc165fa11644.jpg,전체연령가
335KM,Eh희,https://comic.naver.com/webtoon/list?titleId=839678&tab=tue,"바다를 보는 것이 소원인 소녀. 
바깥을 두려워하던 소년은 그녀의 바람을 들어주기 위해
취소되었던 수학여행을 단 둘이서 떠나게 된다.",https://image-comic.pstatic.net/webtoon/839678/thumbnail/thumbnail_IMAG21_3e2546e9-2e6f-4490-8000-d388ce647296.jpg,15세 이용가
사표내고 이계에서 힐링합니다,덤보 / 파란 / 딥블랙,https://comic.naver.com/webtoon/list?titleId=800726&tab=tue,"평범하지만 행복한 삶을 살던 주인공 이수.
5년 전 갑작스레 부모님을 잃고 폐인이 되어 하루하루를 힘겹게 살아간다.
숨 막히는 일상에 메말라가던 그때, 다용도실에서 차원문이 열렸다. 가본 적 없는 곳, 무엇이 있을지 모르는 곳.
평민으로 시작해 영주까지, 이세계에서 잔잔하게 즐기는 힐링 라이프.",https://image-comic.pstatic.net/webtoon/800726/thumbnail/thumbnail_IMAG21_963f5d4d-c1be-4b30-93a3-e992c344918e.jpg,전체연령가
저 그런 인재 아닙니다,에몽 / 희진 / 덴피,https://comic.naver.com/webtoon/list?titleId=802840&tab=tue,"스트레스만 받으면 피를 토하는 병약하기 짝이 없는 나, 데온 하르트. 하지만 어쩐지 강하다는 오해를 받고 제국에서는 모두의 두려움을 받는 하르트 명예 백작인 동시에, 마계에서는 마왕이 가장 신임하는 0군단장이 되었는데… 예?! 제가요? 저 그런 인재 아닌데요?!",https://image-comic.pstatic.net/webtoon/802840/thumbnail/thumbnail_IMAG21_ccaa0f02-6721-4c19-88f2-a3695a36b16d.jpg,전체연령가
은주의 방 2~3부,노란구미,https://comic.naver.com/webtoon/list?titleId=654138&tab=tue,"인테리어, 그것은 삶을 바꿔주는 마법이다!
반복되는 야근과 업무 스트레스로 회사를 때려치운 뒤
셀프 인테리어로 인기 블로거가 된 은주.
그녀의 인테리어에서 연애까지, 라이프 체인지 스토리.",https://image-comic.pstatic.net/webtoon/654138/thumbnail/thumbnail_IMAG21_3559587746721839161.jpg,전체연령가
윈터브리즈,한경찰,https://comic.naver.com/webtoon/list?titleId=835751&tab=tue,"2년전 서울역에서 잠시 스쳐갔던 두사람이
동네 사진관에서 우연히 만나게 될 확률은 얼마나 될까?

작은 동네로 숨어든 미스테리 사진작가 '도화'와
뜻하지 않게 그를 요정님으로 여기게 된 2년차 서울러 '해나'의 겨울이야기.",https://image-comic.pstatic.net/webtoon/835751/thumbnail/thumbnail_IMAG21_b50880e9-f7c8-42e3-bfd5-4ea137e74d23.jpg,전체연령가
천만청춘,유월,https://comic.naver.com/webtoon/list?titleId=828402&tab=tue,"중학교 때 나가는 대회마다 수상해 상금을 쓸어와 '대회의 신'이라는 별명이 붙은 영이.
수치스러운 별명이 싫어 고등학교에서는 죽은듯이 공부만 하려고 했으나… 고등학교에 거액의 상금이 걸린 '청춘' 공모전이 등장한다.
'청춘이란 무엇인가' 라는 주제도, 6인 1조라는 조건도 싫지만 상금은 놓칠 수 없다. 
진짜 '청춘'이 무엇인지는 관심없고, 오로지 상금을 위해 어른들이 원하는 '청춘'을 찾아가는 고등학생들의 일상 코미디 로맨스.",https://image-comic.pstatic.net/webtoon/828402/thumbnail/thumbnail_IMAG21_a3101e31-e68d-4ec8-978f-158c3f95ddd5.jpg,전체연령가
마교 교주의 부군이 되었다,성대호 / 쥬레이,https://comic.naver.com/webtoon/list?titleId=837998&tab=tue,"천마신교 신마육가의 일각, 마천진가의 대공자 진여명.
금수저가 된 인생에 감사하며 꿀을 빨려고 했으나.
빌어먹을 무림맹에 의해 천마신교가 망해 버렸다.

그렇게 인생 마지막 순간, 교주 천유라가 내게 하는 말.
‘날 좀 꼬셔 주겠나?’",https://image-comic.pstatic.net/webtoon/837998/thumbnail/thumbnail_IMAG21_ea9c3684-a747-4e35-a0b6-31c7efcd48d3.jpg,15세 이용가
귀공자,한동우 / 이도희,https://comic.naver.com/webtoon/list?titleId=831168&tab=tue,"한국 굴지의 대기업 '천구'의 후계자인 '진태하'. 가족들과의 요트 여행 중 테러범의 습격으로 인해 홀로 살아남는다.
'진태하'는 사고가 아닌, 친척들의 권력 암투로 인해 가족들이 살해당한 것임을 알게 되고, 이탈리아 마피아 '살레르노 패밀리'에 들어가 복수를 준비한다.
17년의 세월이 지나고, 한국으로 돌아와 마침내 복수를 시작한다.",https://image-comic.pstatic.net/webtoon/831168/thumbnail/thumbnail_IMAG21_94141381-d20c-4f2c-9654-b3f9cf2c5b44.jpg,15세 이용가
윌유메리미,마인드C,https://comic.naver.com/webtoon/list?titleId=616239&tab=tue,"외모는 상남자, 마음은 감성소녀 윌.외모는 청순녀, 마음은 터프가이 메리! 
서울 부산 띠동갑 커플의 리얼 연애 일기",https://image-comic.pstatic.net/webtoon/616239/thumbnail/thumbnail_IMAG21_b412e69f-b6dc-40eb-b022-0f2c0991389b.jpg,전체연령가
연우의 순정,이솔,https://comic.naver.com/webtoon/list?titleId=752532&tab=tue,"여학생으로 오해받을 정도로 여리여리한 외모를 가진 연우. 
그는 교내 인기스타인 강해솔을 몰래 좋아하고 있다.
하지만 낯을 굉장히 많이 가리고 소심한 연우는 같은 반인 해솔이에게 말 한 번 붙여본 적 없는데…",https://image-comic.pstatic.net/webtoon/752532/thumbnail/thumbnail_IMAG21_e3431864-4c11-4137-993d-c06231521abb.jpg,15세 이용가
나만 보는 탑 공략집,사도 / X-NAME / 쾌조,https://comic.naver.com/webtoon/list?titleId=823434&tab=tue,"[당신은 공략집을 사용 하시겠습니까?] 
어느 날 찾아온 의문의 메시지, 지구의 종말과 함께 생존 게임이 시작되었다.  

서로를 '불신' 하게 하며, '다툼'을 일으키고, '파멸'에 이르기를 유도하는 탑 ···.
  
나는 결코 흔들리지 않을 것이다. 믿어주는 사람들과 함께 이 탑의 결말을 만들어 나갈 테니까.
···그래, 모두와 함께 해피 엔딩을 만들어내겠어!",https://image-comic.pstatic.net/webtoon/823434/thumbnail/thumbnail_IMAG21_2410f633-6b9f-415f-bba1-5e27495685cb.jpg,15세 이용가
죽어 천국에 가다,수사반장,https://comic.naver.com/webtoon/list?titleId=826887&tab=tue,"고철수는 삶에 미련이 없다.
저승의 삶도 환생도 싫었다.
고철수는 완전한 죽음을 꿈꾼다.
자신의 존재가 완전히 사라지길 원했다.
하지만 그런 철수를 세상은 놓아주지 않는다.",https://image-comic.pstatic.net/webtoon/826887/thumbnail/thumbnail_IMAG21_df394e5e-a23d-4a76-8365-596b23b34c89.jpg,15세 이용가
한계 찢는 천재마법사,플랑K톤 / 김현준 / 얼음초코,https://comic.naver.com/webtoon/list?titleId=839353&tab=tue,"성장한계 1위계. 마법사로서의 재능은 바닥이지만 천재적인 두뇌로 마탑의 빛을 보려고 했던 연구원, 베르덴. 하지만 마탑주의 눈에 든 그는 마탑의 실험체가 된다. 7년이란 모욕과 절망의 시간을 버텨낸 베르덴은 그간 만들어낸 이론과 마탑의 동력원으로 자신의 한계를 돌파하기 위해 움직이기 시작한다!",https://image-comic.pstatic.net/webtoon/839353/thumbnail/thumbnail_IMAG21_9f9d8cc4-35ed-4ea9-a93a-0f38bec03c78.jpg,전체연령가
가공낙원,삼촌,https://comic.naver.com/webtoon/list?titleId=830053&tab=tue,"남다른 직감을 가진 고등학생 산호는, 어느 날 자신에게만 보이는 괴물들의 싸움에 휘말려 죽을 위기에 처한다.
죽다 살아나 눈을 뜬 장소는 인간을 애완동물로 키우는 괴물들의 세상.
졸지에 괴물의 애완인간이 된 산호는 어떻게든 탈출해 집으로 돌아가고자 하는데…",https://image-comic.pstatic.net/webtoon/830053/thumbnail/thumbnail_IMAG21_6e31d860-ee08-42e7-9bda-a157d5b3a087.jpg,15세 이용가
왕게임,신형욱 / 범고래,https://comic.naver.com/webtoon/list?titleId=798101&tab=tue,"절대권력을 손에 넣게 된 소년의 학원액션 서스펜스!
폭력에 순응하며 비굴한 학창 시절을 보내던 고등학생 ‘황초민’.
어느 날 절연했던 친형의 사망 소식과 함께 그의 핸드폰을 갖게 된다.
형이 거대 폭력서클 「황제사단」의 단장이라는 사실을 알게 된 황초민은 그를 사칭하여 사단을 조종해 쓰레기들을 처단하기 시작하는데...
절대로 들켜선 안 될 왕게임이 시작된다!",https://image-comic.pstatic.net/webtoon/798101/thumbnail/thumbnail_IMAG21_9f5de12e-3b9c-4d31-9e31-32a4a304c2d8.jpg,12세 이용가
빌런투킬,퓨핀 / 은지,https://comic.naver.com/webtoon/list?titleId=765156&tab=tue,"동료를 살해했다는 억울한 누명을 쓰고 사망한 카시안. 모든 게 끝이라고 생각한 순간. 그의 영혼은 어느 소년의 몸에 빙의되어 빌런으로 각성한다.
선망의 대상이자 대중의 지지를 받던 탑클래스 싸이커였던 그가 하루아침에 빌런이 되다니! 그는 자신의 운명을 받아들이기 힘들다.
복수와 분노! 거듭되는 파괴적인 충동으로 이성까지 잠식당할 위기에 처하지만, 신비로운 존재 모로스의 도움과 초인적인 자제력으로 이를 극복해 낸다.
“대재앙급이라고?! 어디.. 화끈하게 터트려 볼까!!”",https://image-comic.pstatic.net/webtoon/765156/thumbnail/thumbnail_IMAG21_f4ab778b-d062-4cd6-ad5b-a7c375d4e19d.jpg,15세 이용가
청춘 러브썸,홍덕 / NEMONE,https://comic.naver.com/webtoon/list?titleId=828920&tab=tue,"""푸르진 않지만 나름 괜찮아.""
전작 청춘블라썸 에필로그로부터 1년 뒤,
원장 쌤이 새로 오픈한 '카페블라썸 앤 네모네화실'을 중심으로
보미의 대학 동기 '푸름'과 함께 다시 시작되는 청춘들의 이야기.
캠퍼스 로맨스, 학원 로맨스, 직장인 로맨스 등 없는 게 없다.
유쾌한 이야기로 다시 찾아온 청춘 시리즈!",https://image-comic.pstatic.net/webtoon/828920/thumbnail/thumbnail_IMAG21_19ce0f7d-7134-403a-bbc5-4f939cd8927f.jpg,12세 이용가
야만의 청혼,team IRUKA / 이윤아,https://comic.naver.com/webtoon/list?titleId=833873&tab=tue,"“아이를 가졌어요. 다른 남자의. 그래도 혼인하겠습니까?” 
대륙에서 가장 잔인한 용병대 수장의 청혼을 거절하기 위해서, 나라를 지키기 위해서 한 거짓말이었다. 

그런데 대답은…… 
“누구 애든 상관없으니 낳아요. 대신 나는 공주님을 가질 테니.” 

도무지 알 수가 없었다. 
망해 가는 가난한 왕국의 공주에게, 이 남자는 대체 무얼 바라는 걸까.",https://image-comic.pstatic.net/webtoon/833873/thumbnail/thumbnail_IMAG21_fe3087ab-54c7-4484-8718-17e06288de17.jpg,15세 이용가
아랫집 윗집 사이에,구슬창,https://comic.naver.com/webtoon/list?titleId=834734&tab=tue,"아랫집 윗집 사이에 오고가는 불쾌한 어른들의 관계.
그 사이에 낀 우리는 무슨 죄인가?
불안정한 가정이 무너지고, 우리의 관계가 잘못되더라도
한 지붕 아래 너와 함께하고 싶었어",https://image-comic.pstatic.net/webtoon/834734/thumbnail/thumbnail_IMAG21_30c95e1f-f6c2-4c78-8814-713bc711fb41.jpg,15세 이용가
대공님의 신부는 지옥의 전사,개바시 / 디참 / 김모안,https://comic.naver.com/webtoon/list?titleId=839404&tab=tue,"혼기를 놓친 후작 영애, 알리샤.
남은 선택지는 단 하나, ‘괴물’ 대공의 일곱 번째 부인이 되는 것!
그러나 결혼 선물을 여는 순간, 지옥으로 추락했다.
살기 위해 지옥의 악마성을 부수자
모든 비극이 시작되기 전으로 돌아오고…
알리샤는 과거를 비틀기 위해 먼저 괴물 대공을 찾아간다.
…잠깐, 이렇게 잘생겼다고는 안 했잖아?!
""나랑 결혼해요, 대공님!""",https://image-comic.pstatic.net/webtoon/839404/thumbnail/thumbnail_IMAG21_0c521cd1-52f5-49e1-b3e1-b9bb9237c827.jpg,15세 이용가
그냥 선생님,연일,https://comic.naver.com/webtoon/list?titleId=804333&tab=tue,"선생님 집은 학교 아니에요? 선생님도 집이 있어요?

우리들 모두의 학창 시절, 언제나 그 자리에 있을 거만 같은 선생님들.
수업이 끝난 교실, 학교 바깥. 그냥 선생님들의 평범하고 사랑스러운 일상,

일상 로맨스 <그냥 선생님>",https://image-comic.pstatic.net/webtoon/804333/thumbnail/thumbnail_IMAG21_5f5bec29-b0aa-4260-8dc8-ce4bf09bab3c.jpg,전체연령가
처음도 아닌데,미쪼 / 동탕 / 별규,https://comic.naver.com/webtoon/list?titleId=837485&tab=tue,"대표실 문이 열리자, 새롭게 부임한 대표가 눈에 들어온다.

…전 남친이었다.

아무렇지 않게 날 매일 보려고 이곳에 왔다고 말하는 그.


헤어진 지 3년.

그는 왜 이제 와서 내게 다가오는 걸까?
더 다정하고, 더 강렬하게.


완벽한 남자 '차성혁'.
입양아라는 꼬리표가 붙은 나, '채영인'.

이번 재회의 끝은 예전과 다를 수 있을까,
우리는 서로의 결핍을 채워줄 수 있을까?",https://image-comic.pstatic.net/webtoon/837485/thumbnail/thumbnail_IMAG21_203a63f8-c34b-4e83-9a80-b67e6a3967c3.jpg,15세 이용가
킬링필드,"MAJOR, 012 / 012",https://comic.naver.com/webtoon/list?titleId=836361&tab=tue,성인,성인,성인
흑역사 어게인,안수민,https://comic.naver.com/webtoon/list?titleId=814817&tab=tue,"운 제로, 인복 제로, 외톨이로 보냈던 고독하고 우울한 학창 시절.
흑역사 그 자체인 어린 시절을 극복하고 행복한 하루하루를 보내고 있는 스물여덟 유미.
모든 것이 완벽한 나날을 뒤로하고 가장 불행했던 과거로 타입슬립?!

미래에 두고 온 마지막 사랑과 과거의 잊고 있었던 첫사랑 사이에서의 갈등!",https://image-comic.pstatic.net/webtoon/814817/thumbnail/thumbnail_IMAG21_495bd250-daae-4308-a615-9267801c2595.jpg,12세 이용가
에이머,구동인,https://comic.naver.com/webtoon/list?titleId=400739&tab=tue,"작은 우연은 역사를 만든다.
지구를 침공한 이성인 팜킨 일당과, 그들을 막아선 초월자 에이머와 지구인의 이야기!",https://image-comic.pstatic.net/webtoon/400739/thumbnail/thumbnail_IMAG21_b5046846-5af7-48a9-9b20-b0b07cf0c904.jpeg,전체연령가
디펜스 브레이커,주신 / 이노,https://comic.naver.com/webtoon/list?titleId=840348&tab=tue,"디펜스 게임 안으로 들어간 지훈.
기사단장이 되어 몬스터들로부터 왕국을 지켜줄 것을 강요받는다.
하지만 사람들에게 받은 상처가 아직 아물지 않았던 지훈은
왕국을 지키길 거부한다.
그러자 갑자기 새로운 루트가 열리게 되는데..",https://image-comic.pstatic.net/webtoon/840348/thumbnail/thumbnail_IMAG21_1e28c9bd-d0a3-4a08-a682-86a880cd831d.jpg,15세 이용가
티키타카,하하영 / 애크쵸,https://comic.naver.com/webtoon/list?titleId=833244&tab=tue,"어깨 부상으로 그만뒀던 핸드볼, 근데 다리는 멀쩡하잖아? 이번엔 손이 아닌 발로 도전한다!
뇌지컬은 100% 하지만 피지컬은 0%인 '하랑'의 여자 풋살 도전 이야기.",https://image-comic.pstatic.net/webtoon/833244/thumbnail/thumbnail_IMAG21_8dab2510-1384-418c-a60d-8e4ceac45422.jpg,전체연령가
재난은 늘 곁에 있다,이혜,https://comic.naver.com/webtoon/list?titleId=827333&tab=tue,"하루 아침에 10년의 세월이 사라져버린 여자 윤다미, 그 모든 게 신이라는 남자와 엮이면서 시작되었다.
하지만 신은 본인과는 무관한 일이라며 다미를 무시한다.
그러던 중 다미의 집안에 오랫동안 찾아 헤매던 ‘물건’의 존재를 알게 되면서 다미와의 관계에 변화를 주기 시작한다.
하지만 이미 틀어져 버릴 대로 틀어져 버린 관계를 되돌릴 수 있을까?",https://image-comic.pstatic.net/webtoon/827333/thumbnail/thumbnail_IMAG21_0317e4c9-0daa-4e41-9835-e7ef5645c7af.jpg,전체연령가
내남친 킹카만들기,랑쓰 / 섯끼,https://comic.naver.com/webtoon/list?titleId=791126&tab=tue,"사랑스러운 외모의 SNS 스타 윤시아는 관리라고는 한번도 해본 적 없는 방구석 아싸 김민호를 킹카로 만드는 콘텐츠를 시작한다.
과연.. 그는 긁지 않은 복권이 맞을까? 두근두근 k-하이틴 로맨스!",https://image-comic.pstatic.net/webtoon/791126/thumbnail/thumbnail_IMAG21_acf0c866-3bf4-43ec-8750-33e060f7cdd6.jpg,전체연령가
집착남주의 전부인이 되었습니다,하담 / 꿀생강 / 퍼젤,https://comic.naver.com/webtoon/list?titleId=813922&tab=tue,"""이르웬, 당신과 결혼한지도 벌써 4년이야. 내가 그 얕은 수작을 모를까봐?""
패국의 공녀, 희대의 악처, 그리고 남편을 살해하려다 처형당하는 악녀 이르웬 릴리아스.
원작이 시작되기 1년 전 시점에 이 악녀의 몸에 빙의했다. 내가 악녀라고? 이럴 수는 없다.
어떻게든 남편에게 모든 패악질을 참회하고, 착해진 나를 어필해 살아남아야겠다.
목표는 이혼! 조용히 이혼하고 멀리 떠나서 평온한 여생을 보내는 거야!
그런데 남편이 조금 이상하다. 설마, 나를 싫어하는 게 아니었어?
""수작이요? 나는 당신과 사이좋게 지내려고 애쓰는 중이에요!""
""그렇다면 이제 그 의무도 받아들일 준비가 된 건가? 아이를, 낳는 것 말이야.""",https://image-comic.pstatic.net/webtoon/813922/thumbnail/thumbnail_IMAG21_f1478b60-6c7b-49ac-8831-56af9c4f3d7b.jpg,15세 이용가
인생내꺼,미티 / 구구,https://comic.naver.com/webtoon/list?titleId=835582&tab=tue,"""힘든 인생, 편해지고 싶다""
우울증에 걸린 가난한 고등학생, 전주인과 주도권은 천재들의 영혼에게 자신의 몸을 팔아버린다. 
그로부터 13년이 흐른 어느 날 눈을 뜨니 그들은 대기업 의장과 조폭 보스가 되어있는데...

갑자기 엄청나게 대단해진 인생
내 맘대로 살아도 될까?",https://image-comic.pstatic.net/webtoon/835582/thumbnail/thumbnail_IMAG21_76b839a0-9c51-4de4-87fa-05ec47cebc7e.jpg,15세 이용가
선 넘는 결혼생활,맹 / 무인 / 강하다,https://comic.naver.com/webtoon/list?titleId=834750&tab=tue,"아버지의 병원비를 위해 3년 동안 생판 모르는 남자의 법적 배우자가 되어 주기로 한 지완.
결혼 관계만 3년을 유지해 주면 10억을 주겠다는 말에,
그녀는 냉큼 혼인 신고서에 도장을 찍고 만다.
그리고 3년 후, 계약 종료 2주 전.
10억 수령을 코 앞에 둔 그녀의 앞에 갑자기 법적 배우자가 찾아오는데...
과연 지완은 이 남자와 무사히 남남이 될 수 있을까?",https://image-comic.pstatic.net/webtoon/834750/thumbnail/thumbnail_IMAG21_29f029df-39aa-4398-ad23-89194a230620.jpg,12세 이용가
렌탈히어로,포르토 / 코벳,https://comic.naver.com/webtoon/list?titleId=808804&tab=tue,자리를 비운 히어로들 대신 일반인 행세를 하는 도플갱어 이주원. 그에게 히어로 랭킹 1위 '저스티스'가 찾아와 자신의 일반인 대타를 부탁한다. 거액의 보수에 흔쾌히 승낙하고 약속한 장소를 찾아간 이주원은 예상치 못한 광경을 보게 되는데…,https://image-comic.pstatic.net/webtoon/808804/thumbnail/thumbnail_IMAG21_e6ba58d2-2fb0-404c-b0b7-f85e6a9fafd2.jpg,15세 이용가
가짜 성녀를 지켜라!,나리온,https://comic.naver.com/webtoon/list?titleId=840954&tab=tue,"수능을 앞둔 대한민국 고3이었던 다나.
운 나쁘게 로판 트럭에 치여 로판 세계에 환생한다.

이왕 이렇게 된 거, 이번 생에야말로 편하게 살아보려고 했는데...
갑자기 마주친 성녀님의 비밀은?!
죽기는 싫으니까 지켜드리죠, 성녀님의 비밀!",https://image-comic.pstatic.net/webtoon/840954/thumbnail/thumbnail_IMAG21_d675bee7-3175-4d16-b865-b31b1a1dd2a9.jpg,전체연령가
서울역 바바리안,LICO / 진설우,https://comic.naver.com/webtoon/list?titleId=832669&tab=tue,"K고딩 강철두는 평화로운 지구가 따분하다.
이유는 그에게 ‘바바리안’의 피가 흐르기 때문!

전투를 갈망하던 그때, 지구에 종말이 선포되고
살기 위해선 야만의 세계 ‘노바 행성’으로 이주해야 한다!

철두의 심장이 뛴다. 두근 세근 네근!!
전투와 모험이 가득한, K-바바리안의 노빠꾸 행성 정복기!",https://image-comic.pstatic.net/webtoon/832669/thumbnail/thumbnail_IMAG21_18bb021b-9007-4265-92f8-cf9bf6101d55.jpg,15세 이용가
무원야담,호우,https://comic.naver.com/webtoon/list?titleId=818255&tab=tue,"귀신을 부릴 수 있는 체질인 김위신은 복수를 위해 한 귀신을 쫓고 있다.
단서라고는 눈이 금색이라는 것뿐.
그 귀신의 행방을 알 수 있는 결정적인 실마리를 손에 넣기 직전,
귀신 쫓는 경귀석을 가진 박이로에 의해 5년의 노력이 한순간에 허사가 되고
그간 모았던 귀신과 귀물까지 모조리 날려버린다!
거기에 산군의 딸인 동백까지 합세해 복수는커녕 방해되는 짐만 줄줄이 딸리고,
열받은 위신은 전부 도깨비시장에 내다 팔 생각으로 여행길에 오르는데...

귀신에게 원망보다 강한 미련은 없다.
김위신 일행의 죽거나, 혹은 살거나! 귀신 쫓는 극한 퇴마 판타지!",https://image-comic.pstatic.net/webtoon/818255/thumbnail/thumbnail_IMAG21_441a0a01-cf29-49c3-927a-2665f1dd7607.jpg,12세 이용가
아름다운 줄리엣을 위하여,나사못 / 삼밀삼 / 도주차량,https://comic.naver.com/webtoon/list?titleId=829139&tab=tue,"“바보, 머저리, 어떻게 그런 짓을… 다시는 그러지 말아요. 알겠어요?”
에녹 레트라키는 그의 아내 줄리엣을 사랑한다.
비록 아내는 그를 조금도 사랑하지 않는다고 해도.
그런데 어느 날 갑자기 아내가 달라졌다.
에녹은 아내가 다정해진 이유를 알고 싶다.",https://image-comic.pstatic.net/webtoon/829139/thumbnail/thumbnail_IMAG21_93533e16-0fe1-498f-b08e-8fd3e4575741.jpg,12세 이용가
아카데미가 망했다,BIN / GG / ROHRAN,https://comic.naver.com/webtoon/list?titleId=828077&tab=tue,"신입 교사로 부임한 아카데미가 망해버렸다?! 도박에 빠진 학장과 나태 교사, 무기력한 학생들까지! 탈출과 출세의 갈림길에 선 욕망 가득 신입 교사 '아몬 드레이크'가 선택한 다음 걸음은? 뒷골이 알싸해지는 폭풍성장 판타지 개그물!",https://image-comic.pstatic.net/webtoon/828077/thumbnail/thumbnail_IMAG21_7f3e0b6b-d89d-427e-bafe-bb96ecd667d3.jpg,전체연령가
완벽한 실눈 악역을 연기하다,건실청년 / 80 / 봄가을,https://comic.naver.com/webtoon/list?titleId=837632&tab=tue,"미치광이. 소시오패스.
인두겁을 쓴 괴물, 북부 전선의 악마, 웃는 처형대.

나는 완벽하게 ‘유리안’을 연기하게 되었다.
제국 내 모두가 두려워하는 음흉하고 정신 나간 실눈 캐릭터를 말이다.

【캐릭터 성향 《존댓말》】
당신은 아이, 어른할 것 없이 모두에게 존대합니다.

“혼잣말은 좀 넘어가면 안 되는 겁니까?”",https://image-comic.pstatic.net/webtoon/837632/thumbnail/thumbnail_IMAG21_e07daafa-e503-4456-bef1-71354b2fa5c4.jpg,15세 이용가
원시인 김동우,정이리이리 / 이승찬,https://comic.naver.com/webtoon/list?titleId=835242&tab=tue,"‘눈을 감으면 나는 소년이 된다.’ 원시 소년이 된 변호사 동우, 그 삶의 이야기

변호사 김동우, 열심히 달려왔지만 가족도 일도 온전하게 만족할 만큼 이뤄낸 것이 없다.
제대로 진행되지 않는 소송 관련 준비도 무너진 가족도 그에게는 너무나 큰 스트레스다. 
그 때문일까? 동우는 2만 5천 년 전의 원시 소년이 된다. 
그런데 꿈이라고 그냥 넘기기에는 너무나 현실같이 생생하다. 
원시 가족, 그리고 대자연과 함께하는 원시 소년 동우의 삶.
과거의 그 삶은 지금과 얼마나 다를까? 아니면 얼마나 같을까?

변호사와 원시 소년, 두 개의 삶을 살아가게 되는 동우의 이야기.",https://image-comic.pstatic.net/webtoon/835242/thumbnail/thumbnail_IMAG21_b45f472f-1c54-46eb-904b-946ddd3441c2.jpg,전체연령가
연애 못하면 사망,홍치,https://comic.naver.com/webtoon/list?titleId=834175&tab=tue,"111세 덕순 F&B의 회장 김덕순은 죽기 직전 마지막 소원으로 첫사랑 왕종열과의 불꽃 같은 사랑을 하게 해달라 빌고 25세 김도희라는 여자의 몸에서 깨어난다. 
그러나 마지막 소원을 이루기 위해 종열을 향해 달려가던 덕순은 충격적인 장면을 목격하게 되고... 
설상가상으로 저승에서는 덕순에게 소원에 대한 조건을 건다.
‘111일 안에 사랑하지 못하면 무간지옥에 가게 될 것이다’
과연 덕순은 사랑을 이루고 무간지옥행을 피할 수 있을까?",https://image-comic.pstatic.net/webtoon/834175/thumbnail/thumbnail_IMAG21_8989a807-c65d-43c9-9a8d-d2aa216d7c57.jpg,12세 이용가
붉은 이정표,달뜬,https://comic.naver.com/webtoon/list?titleId=790776&tab=tue,"세상의 평화를 유지하던 최강의 도깨비 집단 '홍혜.' 
그러던 어느 날 동료의 배신으로 도깨비 '린'은 홍혜와 친구들 모두를 잃게 된다.
분노로 가득 찬 그는 홍혜의 최강전력 '검은 귀신' 으로서 복수를 향해 길을 떠난다.",https://image-comic.pstatic.net/webtoon/790776/thumbnail/thumbnail_IMAG21_683f454e-5f7a-416b-936b-8a06cb1c3cae.jpeg,15세 이용가
구룡:사로카,"박만사, 백인휘 / 백인휘",https://comic.naver.com/webtoon/list?titleId=833416&tab=tue,"유일한 혈육인 동생을 찾기 위해 킬러가 된 서진태.
수소문 끝에 동생의 행방이 홍콩 최대 범죄조직 삼합회와
관련돼 있다는 것을 알게 되고 무작정 홍콩으로 향하는데...",https://image-comic.pstatic.net/webtoon/833416/thumbnail/thumbnail_IMAG21_677ff60b-57eb-4aae-a5ef-44d175b2d506.jpg,15세 이용가
자멸기관,김보통 / 나몬,https://comic.naver.com/webtoon/list?titleId=824240&tab=tue,"어느날, 청소년들의 뇌속에 자멸하는 장기가 생겨났다. 죽어가는 아이들을 살리기위한 어떤 노력도 하지않는 어른들을 상대로 목숨을 건 협상이 시작된다.",https://image-comic.pstatic.net/webtoon/824240/thumbnail/thumbnail_IMAG21_1870d459-4a42-4102-adbd-32ce91495785.jpg,15세 이용가
빛나는 나나나나,마라링,https://comic.naver.com/webtoon/list?titleId=818205&tab=tue,"왕따를 당한 후 게임중독 은둔형 외톨이로 살고 있던 빛나는 게임에서 만난 찬이를 통해 용기를 얻는다. 
변장을 하면 밖에 나갈 수 있지 않을까? 
그리고 처음으로 변장을 하고 나갔던 날, 괴롭혔던 여자애까지 못알아보는데..?! 
그 후 가발, 렌즈, 화장, 자세와 목소리 톤까지, 달라진 모습으로 변장을 하고 다시 학교에 갈 결심을 하는 빛나! 이 모습이라면 자신 있어! 
그런데 쉐어하우스에서 같이 살게 된 남자애는 나한테 너무 쌀쌀맞아! 
근데.. 저 남자애가 설마..? 과연 빛나는 이중생활을 들키지 않을 수 있을까?",https://image-comic.pstatic.net/webtoon/818205/thumbnail/thumbnail_IMAG21_073553b6-435d-4897-885d-a316d1bbacb3.jpg,전체연령가
멀리서 온 에일리,아마도지 / 사삭,https://comic.naver.com/webtoon/list?titleId=840874&tab=tue,"사랑을 경험하기 위해 지구에 온 외계인 ‘에일리’와 연애상담 뉴튜버 ‘고순도’의 엉망진창 동거가 시작된다!
정체를 숨긴 채 인간 사회에 스며들려는 에일리...
사랑이 존재하지 않는 세계에서 온 그녀는 과연 사랑이란 감정을 느낄 수 있을까?",https://image-comic.pstatic.net/webtoon/840874/thumbnail/thumbnail_IMAG21_be308d58-5541-4847-8008-192bb6339ee3.jpg,15세 이용가
대리게임,철준,https://comic.naver.com/webtoon/list?titleId=809263&tab=tue,"같은 학교의 유찬에게 매주 상납금을 바치며 괴로운 나날을 보내는 도윤.
어느 날, 온라인 게임에서 만난 게임 개발자인 지인에게 어떤 인디게임을 받게 되고
도윤은 게임의 주인공이 자신과 똑같은 처지에 처해있다는 사실에 놀란다.
혹시나 하는 마음 반, 호기심 반에 괴롭히는 자신을 유찬에게 잔인한 복수를 게임에서 선택하고 다음 날을 맞는다.
도윤의 일상은 게임과 똑같이 흘러가기 시작하고...
수상했던 게임은 도윤의 인생을 게임의 선택지로 송두리째 바꿔놓는다.",https://image-comic.pstatic.net/webtoon/809263/thumbnail/thumbnail_IMAG21_10493e4c-e4b5-4aac-b1ed-4acd07879e54.jpg,15세 이용가
던전공략은 복붙이지,REDSTONE!! / 장부규(BKORI),https://comic.naver.com/webtoon/list?titleId=829721&tab=tue,"초월자에게 Ctrl+C, Ctrl+V(일명 복붙) 스킬과 20년의 시한부 인생이라는 저주를 받게 된 주인공 서한준.
하지만 복붙 스킬은 자신에게만 통하고 스킬의 성장까지 막혀 있어 무시 당하는 저렙 헌터 생활을 이어 나간다.
그러던 어느 날, 던전에서 전투 중 복붙 스킬의 성장 방법을 발견한다!
한순간에 최강 스킬을 얻어 세계적인 헌터로 성장한 서한준은 이후 동료들과 함께 다가올 대재앙을 막고자 한다.
서한준은 초월자의 정체를 알아내고 세상을 구할 수 있을까?",https://image-comic.pstatic.net/webtoon/829721/thumbnail/thumbnail_IMAG21_2a15ba64-0de7-4983-8728-707a227d2670.jpg,15세 이용가
친애하는 연서,김방학,https://comic.naver.com/webtoon/list?titleId=822578&tab=tue,"명문 청한대학교의 여신 '남연서'. 
예쁘고 귀여운 연서는 친절하고 사랑스럽기까지 한 사기캐로, 학교 모든 남자들이 그녀를 좋아한다. 
그런데 어느 날부터 연서의 곁에 웬 XX가 얼쩡거리자 연서의 절친 '황선미'는 초조해진다.  
""두 사람은 절대 만나면 안돼! 그 XX는 연서랑 만나기에 너무 별로인 사람이니까... 다른 이유는 없어!!!""",https://image-comic.pstatic.net/webtoon/822578/thumbnail/thumbnail_IMAG21_61bc8db4-d65c-4e28-8f50-c04a37162e1a.jpg,15세 이용가
눈 감은 하늘의 기사,모니,https://comic.naver.com/webtoon/list?titleId=838947&tab=tue,"신월국 희대의 암살자 효성, 
어린 시절 비참하게 죽은 가족의 복수를 위해
죽음의 고비를 넘기고 힘을 길러
신월국으로 잠입을 하게 되는데 ...",https://image-comic.pstatic.net/webtoon/838947/thumbnail/thumbnail_IMAG21_bf681a83-aeac-4ce9-bf66-ba03cbff9b59.jpg,15세 이용가
"천재, 만재, 백재!",심모람,https://comic.naver.com/webtoon/list?titleId=835244&tab=tue,"성격도 취향도 극과 극인 남매, '천재'와 '만재'.
친화력 만렙인 천재와 달리 만재의 유일한 친구는 고양이 막내 '백재'뿐.
""만날 사람 하나 없이 책만 보니 공부를 잘할 수밖에!""
천재는 만재에게 친구를 붙일 궁리를 하고, 백재는 이를 하찮게 지켜보는데...
고양이 하나, 사람 둘. 삼남매가 펼치는 소란스럽고 유쾌한 일상!",https://image-comic.pstatic.net/webtoon/835244/thumbnail/thumbnail_IMAG21_057dfde9-4183-49b2-8fc5-84782986447b.jpg,전체연령가
시한부 황후의 나쁜 짓,굄 / 이준 / 정무늬,https://comic.naver.com/webtoon/list?titleId=819054&tab=tue,"정략결혼이었지만 첫사랑이었다. 황제여서가 아니라 당신이어서 사랑했다.
휠체어를 탄 몸으로 스텔라는 제국과 남편을 위해 헌신했다.
그러나 돌아온 것은 처절한 죽음.
여신은 사지가 마비되어 죽은 스텔라를 회귀시켰다.
이번 생에서도 소꿉친구를 선택하는 남편을 보며,
스텔라는 충동적으로 검투 노예를 거뒀다.
자신을 14살이라 믿는 기억상실남. 혹은 상처 입은 짐승.
“내가 주인을 아프게 했나?”
“너는 날 아프게 할 수 없다.”
“어째서?”
“책장이나 만년필이 주인을 아프게 할 수 없는 법이니까.”
“아주 슬퍼 보여. 부모에게 버림받고 거리를 헤매는 아이처럼.”
그가 내 뺨을 만졌다.
나는 뻣뻣하게 굳은 채 아무 대꾸도 하지 못했다.
12살 이후로 남편이 아닌 남자가 내 몸에 손을 댄 것은 처음이었다.
스텔라가 그를 향해 손을 뻗었다. 우연이 운명이 되는 순간이었다.
그의 정체가 발각당하기 전까진.",https://image-comic.pstatic.net/webtoon/819054/thumbnail/thumbnail_IMAG21_24e0c433-d540-44b7-b72a-069c34ad1d58.jpg,15세 이용가
헬스x로맨스,인미,https://comic.naver.com/webtoon/list?titleId=822876&tab=tue,"어렸을 적 뚱뚱하다는 이유로 좋아하는 여자애에게 차이게 된 이지훈!
그 트라우마 때문에 운동을 열심히 해서 헬스 트레이너까지 하게 된다.
그러다 우연히 자신의 첫 회원이 자신을 찼던 여자애란 것을 알게 된 이지훈은 PT를 해주는 척 복수를 꿈꾼다.
과연 지훈은 그녀에게서 고백을 받아낼 수 있을까?!
우당탕탕 찌질한 지훈의 고백받기 프로젝트!",https://image-comic.pstatic.net/webtoon/822876/thumbnail/thumbnail_IMAG21_c799991e-9f18-43d1-966b-c1131ea11f0d.jpg,12세 이용가
문어숙희숙회,수현 / 김도비,https://comic.naver.com/webtoon/list?titleId=826609&tab=tue,"바닷 속 깊은 곳에서 행복하게 살고 있던 거대 문어 가족들.
어느 날 어선에 의해 가족들 모두 뿔뿔이 흩어지게 되고,
어린 문어 숙희는 라면의 재료가 될 위기에 처하게 되는데...",https://image-comic.pstatic.net/webtoon/826609/thumbnail/thumbnail_IMAG21_6261bca5-5d89-4360-a1c5-5ab4dae07d32.jpg,15세 이용가
사장님과 공주님,요엔,https://comic.naver.com/webtoon/list?titleId=826834&tab=tue,"재벌남주의 운명을 거부하는 사장님. 그런데 어느 날 하늘에서 공주님이 나타났다?!

글로벌 기업 사장님 '남주영'. 재벌남주의 삶을 피하기 위해 늘 최선을 다하는데, 난데없이 하늘에서 공주님이 떨어졌다.
그런데 이 공주님, 머리색도 이상하고 성격은 더 이상하다. 세상물정 모르는 이 공주님을 무사히 자기 세계로 돌려보낼 수 있을까?",https://image-comic.pstatic.net/webtoon/826834/thumbnail/thumbnail_IMAG21_85b611be-11ab-4313-b83c-854205378365.jpg,전체연령가
킬링 스프리,SN / 배현희,https://comic.naver.com/webtoon/list?titleId=826437&tab=tue,"AOS 게임 <릴리어네어 2099> 리그가 선풍적 인기를 끌고 있는 시대.
천재 프로게이머 '강윤'을 지켜보며 선수의 꿈을 키웠던 소년 '로운'은
실력을 인정받아 17세의 나이로 프로 게임단 '피닉스 포스'에 입단하지만
승부조작에 휘말려 팀이 와해될 위기에 처한다.

어느 날 낙담한 로운 앞에 나타난 것은 은퇴 후 종적을 감췄던 강윤.
로운은 그에게서 깨달음을 얻고 팀원들과 의기투합하여 승강전에 도전하는데...

과연 꼴찌 팀 피닉스 포스는 과거의 영광을 되찾을 수 있을까?",https://image-comic.pstatic.net/webtoon/826437/thumbnail/thumbnail_IMAG21_906a0d41-0058-4be7-a92d-c360bd3e79fd.jpg,12세 이용가
천재 곰먐미 김순자,응쿵댄,https://comic.naver.com/webtoon/list?titleId=833678&tab=tue,"기상천외한 발명품을 만드는 괴짜 과학자 ‘김순자’.
고양이를 좋아하던 그녀는 자신의 발명품으로 인해 도리어 고양이가 되어 버린다.

어떻게 살아갈지 막막한 것도 잠시, 무작정 옆집 남자를 간택한 그녀는 얼렁뚱땅 함께 살게 되는데…

매일매일 이상한 발명품으로 집사를 괴롭히는 ‘김순자’,
그녀는 다시 사람으로 돌아갈 수 있을까?",https://image-comic.pstatic.net/webtoon/833678/thumbnail/thumbnail_IMAG21_f554645f-8827-4c49-9068-51c1ad470463.jpg,전체연령가
사지선다,팀 네잎,https://comic.naver.com/webtoon/list?titleId=841128&tab=tue,"연애는 사치라 믿던 완벽주의 모범생.
갑자기 등장한 네 개의 선택지에
흔들리는 마음. 이대로 괜찮을까?",https://image-comic.pstatic.net/webtoon/841128/thumbnail/thumbnail_IMAG21_b2ec06b5-6a3e-44f0-8e07-42eeddf9b90f.jpg,전체연령가
비기닝즈,박정운,https://comic.naver.com/webtoon/list?titleId=840344&tab=tue,"투수를 꿈꾸는 태양은 깊은 슬럼프를 겪는다. 
아무리 연습해도 이놈의 방망이는 공을 거부하기만 하고, 
학교생활 또한 꼬여만 간다. 더도 말고 덜도 말고 그라운드에 설 수만 있다면!",https://image-comic.pstatic.net/webtoon/840344/thumbnail/thumbnail_IMAG21_54adb3ed-35c1-42c6-bc77-c5469bb7522c.jpg,전체연령가
